{
    "train_loss": [
        0.0628308653831482,
        0.043723538517951965,
        0.04363812133669853,
        0.04361502826213837,
        0.043644387274980545,
        0.04368127882480621,
        0.04367001727223396,
        0.04366796463727951
    ],
    "val_loss": [
        0.0427599661052227,
        0.04250805824995041,
        0.04211418703198433,
        0.04291500523686409,
        0.042649656534194946,
        0.0426090769469738,
        0.042604610323905945,
        0.042603980749845505
    ]
}