{
    "train_loss": [
        0.03241147845983505,
        0.03260515257716179,
        0.03258734196424484,
        0.032570820301771164
    ],
    "val_loss": [
        0.028121251612901688,
        0.028539521619677544,
        0.02834595926105976,
        0.028313657268881798
    ],
    "val_acc": [
        0.9581477642059326,
        0.9573600888252258,
        0.9589617252349854,
        0.9581479430198669
    ],
    "val_prec": [
        4.261995491106063e-05,
        5.91869538766332e-05,
        3.901262243743986e-05,
        4.261995491106063e-05
    ],
    "val_rec": [
        0.002462604781612754,
        0.0032834731973707676,
        0.0016417365986853838,
        0.002462604781612754
    ],
    "val_denorm_mse": [
        825186.8125,
        837460.625,
        831780.3125,
        830833.0
    ]
}