{
    "train_loss": [
        0.03848801925778389
    ],
    "val_loss": [
        0.03268693760037422
    ],
    "val_acc": [
        0.9595998525619507
    ],
    "val_prec": [
        0.0
    ],
    "val_rec": [
        0.0
    ],
    "val_denorm_mse": [
        959161.875
    ]
}