{"train_loss": [0.005077341105788946, 0.0031797357369214296, 0.002217572648078203, 0.0021567577496170998, 0.0021496801637113094, 0.002160311210900545, 0.002153791254386306, 0.00216081365942955, 0.002138669602572918, 0.002135675400495529, 0.002150081330910325], "val_loss": [0.005187734495848417, 0.002437941962853074, 0.002552605466917157, 0.002217475790530443, 0.0022530709393322468, 0.0022463719360530376, 0.030537061393260956, 2052.5087890625, 0.019903600215911865, 0.002373927505686879, 0.002321572508662939]}