{"train_loss": [0.003957131877541542, 0.0021297945640981197, 0.0020610750652849674, 0.001973385689780116, 0.0019520974019542336, 0.0019230444449931383, 0.0019739798735827208, 0.0019122165394946933, 0.0018963823094964027, 0.001888762810267508, 0.0018811349291354418], "val_loss": [0.004083014093339443, 0.0021635342855006456, 0.08275560289621353, 0.002263107104226947, 0.0022524117957800627, 0.0024657801259309053, 0.002086966997012496, 0.0020626832265406847, 0.0021772312466055155, 0.0021895929239690304, 0.0021079853177070618]}