{
    "train_loss": [
        0.000259757594903931,
        7.0877890721021686e-06,
        7.225513400044292e-06,
        7.265944532264257e-06,
        7.2150182859331835e-06,
        7.239244496304309e-06,
        7.243399522849359e-06,
        7.256986918946495e-06,
        7.367206308117602e-06,
        7.277687473106198e-06,
        7.286350864887936e-06,
        7.214902780106058e-06,
        7.269996331160655e-06,
        7.244093467306811e-06,
        7.230868959595682e-06,
        7.303862730623223e-06,
        7.319890301005216e-06,
        7.269355137395905e-06,
        7.214972811198095e-06,
        7.193446435849182e-06
    ],
    "val_loss": [
        7.2301422733289655e-06,
        8.692754818184767e-06,
        7.935528628877364e-06,
        7.203570021374617e-06,
        7.21642209100537e-06,
        7.586217179778032e-06,
        7.213022854557494e-06,
        7.225663466670085e-06,
        7.22871845937334e-06,
        7.20282287147711e-06,
        7.209664090623846e-06,
        7.2973116402863525e-06,
        7.2233210630656686e-06,
        7.346763140958501e-06,
        7.282122169272043e-06,
        7.2905386332422495e-06,
        7.875851224525832e-06,
        7.544665095338132e-06,
        7.2499569796491414e-06,
        7.221842679427937e-06
    ],
    "val_acc": [
        0.9986895322799683,
        0.9966438412666321,
        0.9990987777709961,
        0.9990987181663513,
        0.9990984201431274,
        0.996643602848053,
        0.999098002910614,
        0.9990982413291931,
        0.9974620342254639,
        0.9990985989570618,
        0.9990983605384827,
        0.9990984201431274,
        0.9986893534660339,
        0.9990987777709961,
        0.9974622130393982,
        0.9974621534347534,
        0.996643602848053,
        0.9990984201431274,
        0.9974621534347534,
        0.998690128326416
    ],
    "val_prec": [
        3.3704050110827666e-06,
        3.832381480606273e-06,
        0.0,
        0.0,
        0.0,
        3.832381480606273e-06,
        0.0,
        0.0,
        2.7178200525668217e-06,
        0.0,
        0.0,
        0.0,
        3.3704050110827666e-06,
        0.0,
        2.7178200525668217e-06,
        2.7178200525668217e-06,
        3.832381480606273e-06,
        0.0,
        2.7178200525668217e-06,
        3.3704050110827666e-06
    ],
    "val_rec": [
        0.000529276265297085,
        0.002462604781612754,
        0.0,
        0.0,
        0.0,
        0.002462604781612754,
        0.0,
        0.0,
        0.0016417365986853838,
        0.0,
        0.0,
        0.0,
        0.000529276265297085,
        0.0,
        0.0016417365986853838,
        0.0016417365986853838,
        0.002462604781612754,
        0.0,
        0.0016417365986853838,
        0.000529276265297085
    ],
    "val_denorm_mse": [
        212.16041564941406,
        255.07907104492188,
        232.85928344726562,
        211.38088989257812,
        211.75802612304688,
        222.6091766357422,
        211.6581573486328,
        212.0289764404297,
        212.1187286376953,
        211.3587646484375,
        211.55960083007812,
        214.1315155029297,
        211.96038818359375,
        215.5825958251953,
        213.68585205078125,
        213.93284606933594,
        231.10812377929688,
        221.3898162841797,
        212.7418670654297,
        211.9169158935547
    ]
}