{
    "train_loss": [
        0.01171537023037672,
        0.00642725033685565,
        0.006407750304788351,
        0.006398433819413185,
        0.0063992515206336975,
        0.0063916887156665325,
        0.006381410174071789,
        0.0063923681154847145,
        0.0063802320510149,
        0.006388455163687468,
        0.006393831688910723,
        0.006388431414961815,
        0.006376091856509447,
        0.006382528226822615,
        0.006388203240931034,
        0.006378471851348877,
        0.006372612901031971,
        0.006379683502018452,
        0.0063765146769583225
    ],
    "val_loss": [
        0.011955047026276588,
        0.006595677696168423,
        0.006598626729100943,
        0.006584504619240761,
        0.006563429720699787,
        0.0069132111966609955,
        0.0066756596788764,
        0.006590116769075394,
        0.006582291796803474,
        0.00656308326870203,
        0.0065628900192677975,
        0.006569308694452047,
        0.006594269536435604,
        0.006568580865859985,
        0.0065858070738613605,
        0.0065765902400016785,
        0.006581257097423077,
        0.006586453877389431,
        0.006593289785087109
    ],
    "val_acc": [
        0.9224650263786316,
        0.920619547367096,
        0.9206192493438721,
        0.9206192493438721,
        0.9160059690475464,
        0.9236574172973633,
        0.9196075797080994,
        0.9206193089485168,
        0.9206193089485168,
        0.9175680875778198,
        0.9174093008041382,
        0.9189867377281189,
        0.9158554673194885,
        0.9154780507087708,
        0.9156306982040405,
        0.9195526242256165,
        0.9206192493438721,
        0.9156867265701294,
        0.9206191301345825
    ],
    "val_prec": [
        0.9310522079467773,
        0.8532763719558716,
        0.8532763719558716,
        0.8532763719558716,
        0.8671790361404419,
        0.9053650498390198,
        0.8898584246635437,
        0.8532763719558716,
        0.8532763719558716,
        0.863030731678009,
        0.8630673885345459,
        0.8580251932144165,
        0.87694251537323,
        0.8734977841377258,
        0.8759820461273193,
        0.8551849722862244,
        0.8532763719558716,
        0.8769078850746155,
        0.8532763719558716
    ],
    "val_rec": [
        0.900578498840332,
        0.8532763719558716,
        0.8532763719558716,
        0.8532763719558716,
        0.8833407163619995,
        0.9544159770011902,
        0.9274522066116333,
        0.8532763719558716,
        0.8532763719558716,
        0.8752061128616333,
        0.8760683536529541,
        0.863399863243103,
        0.9053723812103271,
        0.8988603949546814,
        0.9033740758895874,
        0.8581603765487671,
        0.8532763719558716,
        0.9037585258483887,
        0.8532763719558716
    ],
    "val_denorm_mse": [
        10656.7861328125,
        5879.41943359375,
        5882.0458984375,
        5869.45849609375,
        5850.67138671875,
        6162.46923828125,
        5950.71728515625,
        5874.45703125,
        5867.4873046875,
        5850.36865234375,
        5850.1962890625,
        5855.91650390625,
        5878.16259765625,
        5855.267578125,
        5870.6240234375,
        5862.40625,
        5866.55712890625,
        5871.19287109375,
        5877.2900390625
    ]
}