{
    "train_loss": [
        0.03771887719631195,
        0.036003611981868744,
        0.03559776395559311,
        0.04163913056254387,
        0.041251976042985916,
        0.041450172662734985,
        0.04118121415376663,
        0.04106453061103821,
        0.04093729704618454,
        0.04083852842450142,
        0.040622957050800323,
        0.04087498039007187,
        0.04066075384616852,
        0.04085448384284973,
        0.040573377162218094,
        0.0408216193318367,
        0.04069361090660095,
        0.04066478833556175,
        0.040594059973955154,
        0.040606215596199036
    ],
    "val_loss": [
        0.01665659435093403,
        0.015804795548319817,
        0.012930157594382763,
        0.01191466674208641,
        0.017170842736959457,
        0.019187647849321365,
        0.01951276697218418,
        0.014122615568339825,
        0.014073909260332584,
        1.500433087348938,
        1.2086291313171387,
        0.019483428448438644,
        0.0144270034506917,
        0.15692788362503052,
        0.017196891829371452,
        0.012868569232523441,
        0.4993278682231903,
        0.019513355568051338,
        0.0191732756793499,
        0.019513027742505074
    ],
    "val_acc": [
        0.9978914856910706,
        0.997891366481781,
        0.9978908896446228,
        0.9978204369544983,
        0.9978917837142944,
        0.997891902923584,
        0.9978916645050049,
        0.9978919625282288,
        0.9978920817375183,
        0.6128100156784058,
        0.32059618830680847,
        0.9978916645050049,
        0.990679919719696,
        0.8178494572639465,
        0.9978920817375183,
        0.9978893995285034,
        0.6424022912979126,
        0.9978922605514526,
        0.9978920817375183,
        0.9978916049003601
    ],
    "val_prec": [
        0.0,
        0.0,
        0.010750900954008102,
        0.024595728144049644,
        0.0,
        0.0,
        0.0,
        0.0,
        0.0,
        0.0054625715129077435,
        0.002258061431348324,
        0.0,
        0.0011540856212377548,
        0.0008255509892478585,
        0.0,
        0.0049850898794829845,
        0.0048987725749611855,
        0.0,
        0.0,
        0.0
    ],
    "val_rec": [
        0.0,
        0.0,
        0.0006280161323957145,
        0.00781390443444252,
        0.0,
        0.0,
        0.0,
        0.0,
        0.0,
        0.8240014314651489,
        0.7055467963218689,
        0.0,
        0.042084284126758575,
        0.2196744978427887,
        0.0,
        0.0010749871144071221,
        0.5557100176811218,
        0.0,
        0.0,
        0.0
    ],
    "val_denorm_mse": [
        166.56597900390625,
        158.0480499267578,
        129.3015899658203,
        119.14668273925781,
        171.70843505859375,
        191.8764190673828,
        195.12767028808594,
        141.22605895996094,
        140.7390594482422,
        15004.322265625,
        12086.291015625,
        194.83432006835938,
        144.2699737548828,
        1569.2784423828125,
        171.96875,
        128.6856689453125,
        4993.28173828125,
        195.1334991455078,
        191.73277282714844,
        195.13034057617188
    ]
}