{
    "train_loss": [
        0.008447154425084591,
        0.005812817718833685,
        0.005669447593390942,
        0.005675679072737694,
        0.005661595147103071,
        0.005664900876581669,
        0.0056738536804914474,
        0.005645933095365763,
        0.00561893405392766,
        0.0056346142664551735,
        0.005647895857691765
    ],
    "val_loss": [
        0.009359458461403847,
        0.004859535954892635,
        0.006477735470980406,
        0.005402845796197653,
        0.005308847408741713,
        0.005980249494314194,
        0.004984810017049313,
        0.005633241031318903,
        0.004908719100058079,
        0.005544839892536402,
        0.005021351855248213
    ],
    "val_acc": [
        0.6696563363075256,
        0.8912267684936523,
        0.8535975217819214,
        0.8822025060653687,
        0.8908582925796509,
        0.863581657409668,
        0.890640914440155,
        0.8714869618415833,
        0.8913334012031555,
        0.8777194023132324,
        0.8875865936279297
    ],
    "val_prec": [
        0.0,
        0.0,
        0.0,
        0.0,
        0.0,
        0.0,
        0.0,
        0.0,
        0.0,
        0.0,
        0.0
    ],
    "val_rec": [
        0.0,
        0.0,
        0.0,
        0.0,
        0.0,
        0.0,
        0.0,
        0.0,
        0.0,
        0.0,
        0.0
    ]
}