{
    "train_loss": [
        0.00653197942301631,
        0.006524606142193079,
        0.0065806107595562935,
        0.006586113013327122,
        0.006586132105439901,
        0.00658700056374073
    ],
    "val_loss": [
        0.006534777581691742,
        0.006610929500311613,
        0.006640758365392685,
        0.00664178654551506,
        0.006642940454185009,
        0.006642608903348446
    ],
    "val_acc": [
        0.8791951537132263,
        0.8838799595832825,
        0.8863940238952637,
        0.8865095973014832,
        0.8866921067237854,
        0.8866082429885864
    ],
    "val_prec": [
        0.8301719427108765,
        0.723605215549469,
        0.6930144429206848,
        0.6929614543914795,
        0.6930782198905945,
        0.6928872466087341
    ],
    "val_rec": [
        0.7528201937675476,
        0.6966879963874817,
        0.6908125877380371,
        0.6905373930931091,
        0.6902108788490295,
        0.6903159618377686
    ],
    "val_denorm_mse": [
        5825.12890625,
        5893.015625,
        5919.60205078125,
        5920.517578125,
        5921.54638671875,
        5921.251953125
    ]
}