{
    "train_loss": [
        0.0066148024052381516,
        0.006614218465983868,
        0.006614181213080883,
        0.006614180281758308,
        0.0066141653805971146,
        0.006614173762500286,
        0.006614164914935827,
        0.0066141667775809765,
        0.006614169105887413,
        0.006614151876419783,
        0.0066141728311777115,
        0.0066141593270003796,
        0.0066141593270003796
    ],
    "val_loss": [
        0.006661481689661741,
        0.0066607058979570866,
        0.006660708226263523,
        0.006660704500973225,
        0.0066607072949409485,
        0.006660708226263523,
        0.006660702172666788,
        0.00666070356965065,
        0.006660706829279661,
        0.006660706829279661,
        0.006660706829279661,
        0.00666070356965065,
        0.0066607058979570866
    ],
    "val_acc": [
        0.924858033657074,
        0.9248581528663635,
        0.924858033657074,
        0.9248579740524292,
        0.9248581528663635,
        0.924858033657074,
        0.924858033657074,
        0.924858033657074,
        0.924858033657074,
        0.9248581528663635,
        0.924858033657074,
        0.9248577356338501,
        0.9248581528663635
    ],
    "val_prec": [
        0.8541920781135559,
        0.8541920781135559,
        0.8541920781135559,
        0.8541920781135559,
        0.8541920781135559,
        0.8541920781135559,
        0.8541920781135559,
        0.8541920781135559,
        0.8541920781135559,
        0.8541920781135559,
        0.8541920781135559,
        0.8541920781135559,
        0.8541920781135559
    ],
    "val_rec": [
        0.8541920781135559,
        0.8541920781135559,
        0.8541920781135559,
        0.8541920781135559,
        0.8541920781135559,
        0.8541920781135559,
        0.8541920781135559,
        0.8541920781135559,
        0.8541920781135559,
        0.8541920781135559,
        0.8541920781135559,
        0.8541920781135559,
        0.8541920781135559
    ],
    "val_denorm_mse": [
        5938.07568359375,
        5937.38525390625,
        5937.3876953125,
        5937.38427734375,
        5937.38720703125,
        5937.38330078125,
        5937.38720703125,
        5937.384765625,
        5937.3828125,
        5937.38525390625,
        5937.3876953125,
        5937.3857421875,
        5937.38525390625
    ]
}