{
    "train_loss": [
        0.030701473355293274,
        0.033451758325099945
    ],
    "val_loss": [
        0.0311832744628191,
        0.030676592141389847
    ],
    "val_acc": [
        0.9559264183044434,
        0.9554885625839233
    ],
    "val_prec": [
        0.01503059919923544,
        0.016987847164273262
    ],
    "val_rec": [
        0.00031807151390239596,
        0.0005392350140027702
    ],
    "val_denorm_mse": [
        915037.1875,
        900171.25
    ]
}