{
    "train_loss": [
        0.044259387999773026,
        0.04393334314227104,
        0.043815016746520996
    ],
    "val_loss": [
        0.04380208998918533,
        0.04494442418217659,
        0.04300343990325928
    ],
    "val_acc": [
        0.9514987468719482,
        0.9514988660812378,
        0.9514988660812378
    ],
    "val_prec": [
        0.0,
        0.0,
        0.0
    ],
    "val_rec": [
        0.0,
        0.0,
        0.0
    ],
    "val_denorm_mse": [
        2825.935546875,
        2899.635498046875,
        2774.4091796875
    ]
}