{"train_loss": [0.05156943202018738, 0.016893668100237846, 0.014587881974875927, 0.014309654943645, 0.01421478483825922, 0.01418376062065363, 0.014167485758662224, 0.014130759984254837, 0.014115546829998493, 0.014073573052883148, 0.014052421785891056], "val_loss": [0.05203348770737648, 0.015362481586635113, 0.01479344256222248, 0.014602608978748322, 0.014618870802223682, 0.014510692097246647, 0.014515162445604801, 0.014484686776995659, 0.014608739875257015, 0.01437984686344862, 0.014426830224692822]}