{"train_loss": [0.002489717910066247, 0.0024864140432327986, 0.0024828044697642326, 0.002477901289239526, 0.002469080500304699], "val_loss": [0.0025195032358169556, 0.0025129870045930147, 0.0025101627688854933, 0.0025011987891048193, 0.002492280676960945]}