{
    "train_loss": [
        0.01144341193139553,
        0.009641092270612717,
        0.009709253907203674,
        0.009737107902765274,
        0.009724061004817486
    ],
    "val_loss": [
        0.009217673912644386,
        0.010649130679666996,
        0.010600795969367027,
        0.010589397512376308,
        0.01058849785476923
    ]
}