{
    "train_loss": [
        0.01162482239305973,
        0.006620141211897135,
        0.006687675602734089,
        0.006637911312282085,
        0.006687443237751722,
        0.0065992181189358234,
        0.006595873273909092,
        0.006614946760237217,
        0.006617391481995583,
        0.006590510718524456,
        0.006611410062760115
    ],
    "val_loss": [
        0.01216279435902834,
        0.006692749913781881,
        0.006692746188491583,
        0.006696056574583054,
        0.006692826747894287,
        0.006692749448120594,
        0.0066927531734108925,
        0.006692750845104456,
        0.006692747585475445,
        0.006692749913781881,
        0.006692749448120594
    ],
    "val_acc": [
        0.722086489200592,
        0.851600706577301,
        0.8516014814376831,
        0.8516008853912354,
        0.8516004085540771,
        0.8516010642051697,
        0.8516016602516174,
        0.8516010642051697,
        0.8516013622283936,
        0.8516007661819458,
        0.8516007661819458
    ],
    "val_prec": [
        0.0,
        0.0,
        0.0,
        0.0,
        0.0,
        0.0,
        0.0,
        0.0,
        0.0,
        0.0,
        0.0
    ],
    "val_rec": [
        0.0,
        0.0,
        0.0,
        0.0,
        0.0,
        0.0,
        0.0,
        0.0,
        0.0,
        0.0,
        0.0
    ]
}