{
    "train_loss": [
        0.019111786037683487,
        0.007201549131423235,
        0.007086238823831081,
        0.007087284699082375,
        0.0070876250974833965,
        0.007087534759193659,
        0.007087279576808214,
        0.007089404854923487,
        0.007087280973792076,
        0.007087761536240578,
        0.007087341975420713
    ],
    "val_loss": [
        0.019589701667428017,
        0.007698703557252884,
        0.007702902890741825,
        0.007702901028096676,
        0.0077029019594192505,
        0.0077029019594192505,
        0.007702903356403112,
        0.007702904287725687,
        0.0077029005624353886,
        0.007702901028096676,
        0.007702899165451527
    ],
    "val_acc": [
        0.6718505024909973,
        0.8437727689743042,
        0.8437730669975281,
        0.8437733054161072,
        0.8437731862068176,
        0.8437730669975281,
        0.8437731862068176,
        0.8437727689743042,
        0.8437730073928833,
        0.8437730669975281,
        0.8437730669975281
    ],
    "val_prec": [
        0.0,
        0.0,
        0.0,
        0.0,
        0.0,
        0.0,
        0.0,
        0.0,
        0.0,
        0.0,
        0.0
    ],
    "val_rec": [
        0.0,
        0.0,
        0.0,
        0.0,
        0.0,
        0.0,
        0.0,
        0.0,
        0.0,
        0.0,
        0.0
    ]
}