{"train_loss": [0.012745950371026993, 0.006031889468431473, 0.0057506803423166275, 0.00574467983096838, 0.005740696098655462, 0.005732010118663311, 0.005739047657698393, 0.005732700694352388, 0.005737876519560814, 0.005730454809963703, 0.005732137709856033], "val_loss": [0.014189944602549076, 0.007875665090978146, 0.007930692285299301, 0.007895105518400669, 0.008028675802052021, 0.007865725085139275, 0.007838895544409752, 0.007938873954117298, 0.007922371849417686, 0.007802912965416908, 0.007913603447377682]}