{"train_loss": [0.07488252967596054, 0.05156388878822327], "val_loss": [0.05104111135005951, 0.049664922058582306]}