{"train_loss": [1.0, 0.12011434882879257, 0.07229163497686386, 0.06747342646121979, 0.06581462919712067, 0.06508424878120422], "val_loss": [0.25661370158195496, 0.07762573659420013, 0.06873124092817307, 0.0661967471241951, 0.06518501788377762, 0.06465653330087662]}