{"train_loss": [0.4157334268093109, 0.17937391996383667], "val_loss": [0.4161156713962555, 0.0911254808306694]}