{"train_loss": [0.06549916416406631, 0.050590913742780685, 0.04996294155716896], "val_loss": [0.04993381351232529, 0.048920582979917526, 0.04871244728565216]}