{"train_loss": [0.061182763427495956, 0.049875956028699875, 0.04933313652873039], "val_loss": [0.049068789929151535, 0.04820358008146286, 0.048024456948041916]}