{"train_loss": [0.010882404632866383, 0.002991077257320285, 0.002015121513977647, 0.0019369517685845494, 0.0019172177417203784, 0.0019098806660622358, 0.0019069162663072348, 0.0019048363901674747], "val_loss": [0.011452032253146172, 0.00205581309273839, 0.0019058020552620292, 0.0018717607017606497, 0.0018619154579937458, 0.0018516937270760536, 0.001849538297392428, 0.0018727593123912811]}