{"train_loss": [0.07768189907073975, 0.05173381790518761, 0.05027258023619652, 0.04996902123093605, 0.049872104078531265], "val_loss": [0.0523853562772274, 0.04969947040081024, 0.04937160015106201, 0.04934239387512207, 0.049142226576805115]}