{"train_loss": [0.1702541559934616, 0.07642344385385513, 0.0651918426156044], "val_loss": [0.17003735899925232, 0.0658833310008049, 0.06462530791759491]}