{"train_loss": [0.21033281087875366, 0.11831193417310715, 0.08282734453678131, 0.07680544257164001, 0.0744553953409195], "val_loss": [0.2106134444475174, 0.08928453177213669, 0.07894672453403473, 0.07550624012947083, 0.07392854988574982]}