{"train_loss": [1.0, 0.11299528926610947], "val_loss": [0.3007238507270813, 0.07117661088705063]}