{"train_loss": [0.021295510232448578, 0.0021136789582669735], "val_loss": [0.022566262632608414, 0.001880068564787507]}