{"train_loss": [0.0790385901927948, 0.0648755133152008], "val_loss": [0.06539132446050644, 0.06451261043548584]}