{"train_loss": [0.22127050161361694, 0.08216879516839981, 0.06534529477357864, 0.06467791646718979, 0.06457769125699997, 0.06456166505813599, 0.06455861777067184], "val_loss": [0.22091972827911377, 0.06624302268028259, 0.06467916816473007, 0.06446785479784012, 0.06443200260400772, 0.06442628055810928, 0.06442520767450333]}