{
    "train_loss": [
        0.04555528983473778,
        0.04462314769625664,
        0.044810038059949875,
        0.04487600177526474,
        0.04441004991531372,
        0.0439569428563118,
        0.04357805848121643,
        0.04354632645845413,
        0.04338477551937103,
        0.04330139607191086,
        0.043239764869213104,
        0.043223049491643906,
        0.04319601133465767,
        0.04319395869970322,
        0.043187789618968964,
        0.043185360729694366,
        0.04318615049123764,
        0.043180033564567566,
        0.043183695524930954,
        0.043183583766222
    ],
    "val_loss": [
        0.0030593955889344215,
        0.002938182558864355,
        0.0028650304302573204,
        0.0029613198712468147,
        0.0030215573497116566,
        0.002937077544629574,
        0.0028618164360523224,
        0.002921516075730324,
        0.0028116239700466394,
        0.002851688303053379,
        0.0028766030445694923,
        0.002853707643225789,
        0.0028628893196582794,
        0.0028541756328195333,
        0.0028511330019682646,
        0.00285307876765728,
        0.0028504582587629557,
        0.002854146296158433,
        0.002853532088920474,
        0.002853269688785076
    ],
    "val_acc": [
        0.9978917837142944,
        0.9978919625282288,
        0.9978917837142944,
        0.9978916049003601,
        0.9978919625282288,
        0.9978922009468079,
        0.9978916645050049,
        0.997891902923584,
        0.997891902923584,
        0.9978919625282288,
        0.9978919625282288,
        0.997892439365387,
        0.9978919625282288,
        0.9978920817375183,
        0.9978917837142944,
        0.997891902923584,
        0.9978920817375183,
        0.9978917837142944,
        0.9978922009468079,
        0.9978917837142944
    ],
    "val_prec": [
        0.0,
        0.0,
        0.0,
        0.0,
        0.0,
        0.0,
        0.0,
        0.0,
        0.0,
        0.0,
        0.0,
        0.0,
        0.0,
        0.0,
        0.0,
        0.0,
        0.0,
        0.0,
        0.0,
        0.0
    ],
    "val_rec": [
        0.0,
        0.0,
        0.0,
        0.0,
        0.0,
        0.0,
        0.0,
        0.0,
        0.0,
        0.0,
        0.0,
        0.0,
        0.0,
        0.0,
        0.0,
        0.0,
        0.0,
        0.0,
        0.0,
        0.0
    ],
    "val_denorm_mse": [
        188.16506958007812,
        180.70986938476562,
        176.21083068847656,
        182.1329803466797,
        185.837890625,
        180.64210510253906,
        176.0131378173828,
        179.68487548828125,
        172.9261474609375,
        175.3902130126953,
        176.922607421875,
        175.51446533203125,
        176.07919311523438,
        175.54319763183594,
        175.3560028076172,
        175.4757843017578,
        175.31460571289062,
        175.5414276123047,
        175.50375366210938,
        175.48753356933594
    ]
}