{
    "train_loss": [
        0.24902179837226868,
        0.24900873005390167,
        0.2490088939666748,
        0.24900881946086884,
        0.24900895357131958,
        0.24900922179222107,
        0.249008908867836,
        0.24900922179222107,
        0.249008908867836,
        0.24900883436203003,
        0.2490091174840927,
        0.24900899827480316,
        0.2490091472864151,
        0.24900902807712555,
        0.24900886416435242,
        0.24900898337364197,
        0.24900922179222107
    ],
    "val_loss": [
        0.24905604124069214,
        0.24905604124069214,
        0.24905604124069214,
        0.24905596673488617,
        0.24905605614185333,
        0.24905596673488617,
        0.2490561306476593,
        0.24905599653720856,
        0.24905605614185333,
        0.24905604124069214,
        0.24905601143836975,
        0.24905604124069214,
        0.24905596673488617,
        0.24905601143836975,
        0.24905610084533691,
        0.24905599653720856,
        0.24905605614185333
    ],
    "val_acc": [
        0.0009017153060995042,
        0.0009017152478918433,
        0.0009017152478918433,
        0.0009017151314765215,
        0.000901715480722487,
        0.000901715480722487,
        0.0009017155971378088,
        0.000901715480722487,
        0.0009017149568535388,
        0.000901715480722487,
        0.0009017151314765215,
        0.000901715480722487,
        0.0009017150732688606,
        0.0009017153060995042,
        0.0009017154225148261,
        0.0009017153060995042,
        0.0009017153060995042
    ],
    "val_prec": [
        0.0009017153060995042,
        0.0009017152478918433,
        0.0009017152478918433,
        0.0009017151314765215,
        0.0009017154225148261,
        0.000901715480722487,
        0.0009017155971378088,
        0.000901715480722487,
        0.0009017149568535388,
        0.000901715480722487,
        0.0009017151314765215,
        0.000901715480722487,
        0.0009017150732688606,
        0.0009017153060995042,
        0.0009017154225148261,
        0.0009017153060995042,
        0.0009017153060995042
    ],
    "val_rec": [
        1.0,
        1.0,
        1.0,
        1.0,
        1.0,
        1.0,
        1.0,
        1.0,
        1.0,
        1.0,
        1.0,
        1.0,
        1.0,
        1.0,
        1.0,
        1.0,
        1.0
    ],
    "val_denorm_mse": [
        7308269.0,
        7308272.0,
        7308270.5,
        7308273.5,
        7308272.5,
        7308271.0,
        7308270.5,
        7308270.5,
        7308269.5,
        7308269.5,
        7308269.5,
        7308269.0,
        7308269.5,
        7308268.0,
        7308272.0,
        7308269.0,
        7308272.0
    ]
}