{
    "local_convgat3d_large": {
        "MSE": 96.80868530273438,
        "Accuracy": 0.42568787932395935,
        "Precision": 0.42367225885391235,
        "Recall": 0.9923244118690491,
        "f1": 0.5938153862953186,
        "NMSE": 3300143.5,
        "Forward Pass Time (s)": 0.04151867866516113,
        "N. Parameters": 36941
    }
}