{
    "train_loss": [
        0.06266548484563828,
        0.05301408842206001,
        0.03956490382552147,
        0.036363936960697174,
        0.03640810400247574,
        0.03513626381754875,
        0.034811004996299744,
        0.032728876918554306,
        0.03236745670437813,
        0.03184404596686363,
        0.03208773955702782,
        0.031788576394319534,
        0.031057817861437798,
        0.030430868268013,
        0.03036433830857277,
        0.03084665723145008,
        0.03030158206820488,
        0.030501989647746086,
        0.03034592606127262,
        0.030348528176546097,
        0.03030429780483246,
        0.03028772585093975,
        0.030285850167274475
    ],
    "val_loss": [
        0.05385405570268631,
        0.03617272526025772,
        0.038592301309108734,
        0.03405126929283142,
        0.03064281865954399,
        0.029676610603928566,
        0.03130720183253288,
        0.03064696118235588,
        0.030024560168385506,
        0.02829096093773842,
        0.0272419061511755,
        0.028420912101864815,
        0.027751222252845764,
        0.02727912738919258,
        0.027112115174531937,
        0.02751925028860569,
        0.0270568635314703,
        0.028279496356844902,
        0.02726842276751995,
        0.02704511769115925,
        0.027463410049676895,
        0.027659336104989052,
        0.027688050642609596
    ],
    "val_acc": [
        0.9147833585739136,
        0.9439888596534729,
        0.9408373832702637,
        0.948652982711792,
        0.9545409679412842,
        0.955630898475647,
        0.9537293314933777,
        0.9543702006340027,
        0.9551953673362732,
        0.9577327370643616,
        0.9591324925422668,
        0.9583867788314819,
        0.9592487215995789,
        0.9592379331588745,
        0.9593400359153748,
        0.9590301513671875,
        0.9595066905021667,
        0.9580360651016235,
        0.9590245485305786,
        0.9595733284950256,
        0.9590680003166199,
        0.958865761756897,
        0.9587774872779846
    ],
    "val_prec": [
        0.062602199614048,
        0.07302242517471313,
        0.06295748800039291,
        0.05618571862578392,
        0.0579802431166172,
        0.059829678386449814,
        0.05679108202457428,
        0.05938233062624931,
        0.05750582739710808,
        0.05819950997829437,
        0.05148560553789139,
        0.05958308279514313,
        0.05039902403950691,
        0.048895254731178284,
        0.03002793900668621,
        0.052959926426410675,
        0.024911679327487946,
        0.06485055387020111,
        0.05480965971946716,
        0.024338239803910255,
        0.053273364901542664,
        0.051153454929590225,
        0.0488009937107563
    ],
    "val_rec": [
        0.09864632040262222,
        0.04234056919813156,
        0.045830756425857544,
        0.02609379030764103,
        0.013644243590533733,
        0.011158806271851063,
        0.01579597033560276,
        0.014737546443939209,
        0.013075810857117176,
        0.0058940197341144085,
        0.0024140088353306055,
        0.005321482662111521,
        0.0026568803004920483,
        0.0023778097238391638,
        0.0020184176973998547,
        0.00304522761143744,
        0.0009386528399772942,
        0.006280561443418264,
        0.0028204696718603373,
        0.0010334242833778262,
        0.0026281108148396015,
        0.0037654938641935587,
        0.003629072103649378
    ],
    "val_denorm_mse": [
        1580288.125,
        1061448.625,
        1132448.75,
        999196.875,
        899179.6875,
        870827.0,
        918675.1875,
        899301.5625,
        881037.5625,
        830167.0,
        799383.125,
        833980.5625,
        814329.0,
        800475.5,
        795574.375,
        807522.25,
        793953.625,
        829830.125,
        800161.5,
        793608.9375,
        805883.4375,
        811632.4375,
        812475.375
    ]
}