{
    "train_loss": [
        0.04495156928896904,
        0.04296981170773506,
        0.04294877126812935,
        0.04256699979305267
    ],
    "val_loss": [
        0.024905286729335785,
        0.024822551757097244,
        0.025143375620245934,
        0.02446436509490013
    ],
    "val_acc": [
        0.9177563786506653,
        0.9173002243041992,
        0.9177606701850891,
        0.9172611236572266
    ],
    "val_prec": [
        0.026324762031435966,
        0.025982936844229698,
        0.016749568283557892,
        0.037100400775671005
    ],
    "val_rec": [
        0.003226717934012413,
        0.005035882815718651,
        0.00294823688454926,
        0.005473546218127012
    ],
    "val_denorm_mse": [
        1606.7882080078125,
        1601.4515380859375,
        1622.150634765625,
        1578.3438720703125
    ]
}