{
    "train_loss": [
        0.10063491761684418,
        0.05598527565598488,
        0.04237740859389305,
        0.04065503925085068,
        0.0390876904129982,
        0.033919304609298706,
        0.03547000512480736,
        0.03745977208018303,
        0.033872149884700775,
        0.03353177383542061,
        0.03074539080262184,
        0.031070372089743614,
        0.030567742884159088,
        0.03078685887157917,
        0.030020220205187798,
        0.030074767768383026,
        0.03005305491387844,
        0.029746633023023605,
        0.030137449502944946,
        0.029878899455070496,
        0.02977862022817135,
        0.029385965317487717,
        0.029342766851186752,
        0.02921837382018566,
        0.0292392335832119
    ],
    "val_loss": [
        0.0578724667429924,
        0.041847892105579376,
        0.041178058832883835,
        0.03297178074717522,
        0.0405350886285305,
        0.031712234020233154,
        0.029623400419950485,
        0.03246372565627098,
        0.033478911966085434,
        0.030931666493415833,
        0.029802098870277405,
        0.029802486300468445,
        0.02804930880665779,
        0.028405433520674706,
        0.028318358585238457,
        0.028225691989064217,
        0.028093965724110603,
        0.027551602572202682,
        0.03126230463385582,
        0.027844678610563278,
        0.02806960605084896,
        0.02763797901570797,
        0.027841180562973022,
        0.02752242423593998,
        0.02754451334476471
    ],
    "val_acc": [
        0.9054055213928223,
        0.9356175065040588,
        0.9369615912437439,
        0.9515230655670166,
        0.9363980293273926,
        0.9530208110809326,
        0.9561655521392822,
        0.9523026347160339,
        0.9499630928039551,
        0.9542408585548401,
        0.9551472663879395,
        0.9547480940818787,
        0.9572129249572754,
        0.9572469592094421,
        0.9572485089302063,
        0.9572746157646179,
        0.9572869539260864,
        0.9576830863952637,
        0.9522583484649658,
        0.9574846029281616,
        0.9574548602104187,
        0.9576177597045898,
        0.9574211239814758,
        0.9576261639595032,
        0.9576377868652344
    ],
    "val_prec": [
        0.07368297874927521,
        0.07561305910348892,
        0.0778762474656105,
        0.0755549743771553,
        0.07803697884082794,
        0.08597806841135025,
        0.08580555766820908,
        0.08277268707752228,
        0.08505228906869888,
        0.0898919552564621,
        0.09006045758724213,
        0.09228203445672989,
        0.09077956527471542,
        0.08360850811004639,
        0.07809934765100479,
        0.07890695333480835,
        0.08035457879304886,
        0.05718472599983215,
        0.08005771040916443,
        0.08272132277488708,
        0.07560336589813232,
        0.054616399109363556,
        0.08717235922813416,
        0.061402540653944016,
        0.06581776589155197
    ],
    "val_rec": [
        0.12010222673416138,
        0.053986042737960815,
        0.05300717428326607,
        0.017015067860484123,
        0.05438537523150444,
        0.015794234350323677,
        0.006319256033748388,
        0.01650550402700901,
        0.02282758802175522,
        0.011500935070216656,
        0.008741370402276516,
        0.01038354355841875,
        0.002531086327508092,
        0.0031308098696172237,
        0.0027431179769337177,
        0.002101640682667494,
        0.0022366424091160297,
        0.0007900071213953197,
        0.016664044931530952,
        0.001408137264661491,
        0.0022934875451028347,
        0.0008932010387070477,
        0.0019509927369654179,
        0.0007005063816905022,
        0.0008753802394494414
    ],
    "val_denorm_mse": [
        1698203.375,
        1227980.5,
        1208324.875,
        967520.9375,
        1189457.625,
        930560.4375,
        869265.3125,
        952612.3125,
        982401.4375,
        907655.25,
        874509.4375,
        874520.9375,
        823075.3125,
        833526.3125,
        830971.0625,
        828251.4375,
        824386.375,
        808471.375,
        917357.5625,
        817070.9375,
        823671.375,
        811006.0625,
        816967.9375,
        807615.0,
        808262.875
    ]
}