{
    "train_loss": [
        0.0024105384945869446,
        0.0024126295465976,
        0.0024090686347335577
    ],
    "val_loss": [
        0.0024176458828151226,
        0.0024330837186425924,
        0.0024206475354731083
    ],
    "val_acc": [
        0.992793083190918,
        0.9935765862464905,
        0.9935762882232666
    ],
    "val_prec": [
        3.972335889557144e-06,
        0.0,
        0.0
    ],
    "val_rec": [
        0.001264386111870408,
        0.0,
        0.0
    ],
    "val_denorm_mse": [
        155.976806640625,
        156.9728546142578,
        156.17047119140625
    ]
}