{
    "train_loss": [
        0.03393127769231796,
        0.03367219492793083,
        0.03360838443040848,
        0.03359076380729675,
        0.03356201946735382,
        0.03355935588479042,
        0.03356035798788071,
        0.033562421798706055,
        0.03353969752788544,
        0.033552154898643494,
        0.03354022279381752,
        0.03353508561849594,
        0.03353603556752205,
        0.03353703022003174,
        0.033537622541189194,
        0.033537548035383224,
        0.033537279814481735,
        0.03353703394532204,
        0.0335373729467392,
        0.0335373729467392,
        0.03353755548596382,
        0.033537473529577255,
        0.033537376672029495,
        0.03353722393512726,
        0.03353732079267502,
        0.033537089824676514,
        0.03353746607899666
    ],
    "val_loss": [
        0.029105311259627342,
        0.029170412570238113,
        0.02910858765244484,
        0.02909102663397789,
        0.029095008969306946,
        0.0290883406996727,
        0.029087163507938385,
        0.029087955132126808,
        0.02908618375658989,
        0.029086943715810776,
        0.029087159782648087,
        0.029086854308843613,
        0.029086286202073097,
        0.029086241498589516,
        0.029086194932460785,
        0.02908623218536377,
        0.029086221009492874,
        0.029086224734783173,
        0.029086235910654068,
        0.029086226597428322,
        0.02908623032271862,
        0.029086243361234665,
        0.029086241498589516,
        0.029086235910654068,
        0.029086219146847725,
        0.02908623218536377,
        0.02908623032271862
    ],
    "val_acc": [
        0.9581267833709717,
        0.9572398662567139,
        0.958128035068512,
        0.9579232931137085,
        0.958161473274231,
        0.958229124546051,
        0.9581953287124634,
        0.9581615328788757,
        0.9581949710845947,
        0.9581952095031738,
        0.9581952095031738,
        0.9581953287124634,
        0.9581953287124634,
        0.9581952095031738,
        0.9581955075263977,
        0.9581950306892395,
        0.9581950306892395,
        0.9581949710845947,
        0.9581952095031738,
        0.9581948518753052,
        0.958195149898529,
        0.958195149898529,
        0.9581950306892395,
        0.9581948518753052,
        0.9581949710845947,
        0.9581952095031738,
        0.9581953287124634
    ],
    "val_prec": [
        5.133846934768371e-05,
        5.17983062309213e-05,
        5.0972605095012113e-05,
        5.155128746991977e-05,
        5.0826511142076924e-05,
        5.078822505311109e-05,
        5.0654412916628644e-05,
        5.0826511142076924e-05,
        5.0654412916628644e-05,
        5.0654412916628644e-05,
        5.0654412916628644e-05,
        5.0654412916628644e-05,
        5.0654412916628644e-05,
        5.0654412916628644e-05,
        5.0654412916628644e-05,
        5.0654412916628644e-05,
        5.0654412916628644e-05,
        5.0654412916628644e-05,
        5.0654412916628644e-05,
        5.0654412916628644e-05,
        5.0654412916628644e-05,
        5.0654412916628644e-05,
        5.0654412916628644e-05,
        5.0654412916628644e-05,
        5.0654412916628644e-05,
        5.0654412916628644e-05,
        5.0654412916628644e-05
    ],
    "val_rec": [
        0.00140944414306432,
        0.0019213729538023472,
        0.0015158365713432431,
        0.0016687981551513076,
        0.001450368552468717,
        0.0013823824701830745,
        0.0013823824701830745,
        0.001450368552468717,
        0.0013823824701830745,
        0.0013823824701830745,
        0.0013823824701830745,
        0.0013823824701830745,
        0.0013823824701830745,
        0.0013823824701830745,
        0.0013823824701830745,
        0.0013823824701830745,
        0.0013823824701830745,
        0.0013823824701830745,
        0.0013823824701830745,
        0.0013823824701830745,
        0.0013823824701830745,
        0.0013823824701830745,
        0.0013823824701830745,
        0.0013823824701830745,
        0.0013823824701830745,
        0.0013823824701830745,
        0.0013823824701830745
    ],
    "val_denorm_mse": [
        854063.25,
        855973.875,
        854159.25,
        853643.625,
        853761.125,
        853565.625,
        853530.625,
        853554.3125,
        853501.5625,
        853523.875,
        853530.3125,
        853521.0625,
        853504.375,
        853503.9375,
        853502.4375,
        853503.5625,
        853503.1875,
        853503.375,
        853503.1875,
        853503.1875,
        853503.375,
        853503.4375,
        853503.0,
        853503.4375,
        853503.0625,
        853503.1875,
        853503.0625
    ]
}