{
    "train_loss": [
        0.04920576512813568,
        0.049018122255802155,
        0.048922017216682434,
        0.048946626484394073,
        0.048932645469903946,
        0.04896591231226921,
        0.04883752763271332,
        0.04895377531647682,
        0.04891233146190643,
        0.048900801688432693,
        0.04891098290681839,
        0.04890560358762741
    ],
    "val_loss": [
        0.03144334629178047,
        0.031743649393320084,
        0.03074011579155922,
        0.03104858100414276,
        0.030932990834116936,
        0.031146584078669548,
        0.030960433185100555,
        0.031003432348370552,
        0.031001772731542587,
        0.030996834859251976,
        0.030996553599834442,
        0.030996618792414665
    ],
    "val_acc": [
        0.7908296585083008,
        0.7668620347976685,
        0.849473237991333,
        0.8243447542190552,
        0.8342158198356628,
        0.8165364265441895,
        0.8329578042030334,
        0.829592764377594,
        0.8295928835868835,
        0.8296880722045898,
        0.8296872973442078,
        0.8296876549720764
    ],
    "val_prec": [
        0.02896418422460556,
        0.029184510931372643,
        0.02095555141568184,
        0.026705943048000336,
        0.025243621319532394,
        0.026131561025977135,
        0.023618195205926895,
        0.025612661615014076,
        0.02561265230178833,
        0.025528669357299805,
        0.0255286768078804,
        0.025528669357299805
    ],
    "val_rec": [
        0.1336296647787094,
        0.142771914601326,
        0.06941383332014084,
        0.09054717421531677,
        0.08147654682397842,
        0.09997759759426117,
        0.08424008637666702,
        0.08883022516965866,
        0.08883021026849747,
        0.08799341320991516,
        0.08799339830875397,
        0.08799339830875397
    ],
    "val_denorm_mse": [
        2028.59912109375,
        2047.972412109375,
        1983.229736328125,
        2003.1298828125,
        1995.6737060546875,
        2009.454833984375,
        1997.4442138671875,
        2000.21728515625,
        2000.1087646484375,
        1999.792724609375,
        1999.772216796875,
        1999.7772216796875
    ]
}