{
    "train_loss": [
        0.19419796764850616
    ],
    "val_loss": [
        0.1954735815525055
    ],
    "val_acc": [
        0.8575767874717712
    ],
    "val_prec": [
        0.000294781057164073
    ],
    "val_rec": [
        0.03867201879620552
    ],
    "val_denorm_mse": [
        5735952.5
    ]
}