{
    "train_loss": [
        0.24907632172107697
    ],
    "val_loss": [
        0.24912455677986145
    ],
    "val_acc": [
        0.005609645042568445
    ],
    "val_prec": [
        0.005609645042568445
    ],
    "val_rec": [
        1.0
    ],
    "val_denorm_mse": [
        7310280.5
    ]
}