{"train_loss": [0.005774867255240679, 0.02143307961523533, 0.012094343081116676, 0.003665581112727523, 0.004180840216577053, 0.01695108972489834, 0.0023149095941334963, 0.0023157962132245302, 0.00262536876834929, 0.0023098166566342115, 0.002733968198299408], "val_loss": [0.006034932564944029, 0.009999454952776432, 0.0031573381274938583, 0.007755431346595287, 0.2953348755836487, 0.0023272547405213118, 0.00221167947165668, 0.0022571871522814035, 0.0022214932832866907, 0.003336331108585, 0.002330972347408533]}