{
    "train_loss": [
        0.010243692435324192,
        0.0074430652894079685,
        0.007081498391926289,
        0.007084319833666086,
        0.0070846290327608585,
        0.0070846788585186005,
        0.0070846909657120705,
        0.0070846956223249435
    ],
    "val_loss": [
        0.011434659361839294,
        0.007691820152103901,
        0.0076987119391560555,
        0.007699376437813044,
        0.007699491456151009,
        0.007699510548263788,
        0.007699509616941214,
        0.007699507288634777
    ],
    "val_acc": [
        0.7442814707756042,
        0.8437734842300415,
        0.8437730669975281,
        0.8437730073928833,
        0.8437728881835938,
        0.8437730669975281,
        0.8437727689743042,
        0.8437730073928833
    ],
    "val_prec": [
        0.0,
        0.0,
        0.0,
        0.0,
        0.0,
        0.0,
        0.0,
        0.0
    ],
    "val_rec": [
        0.0,
        0.0,
        0.0,
        0.0,
        0.0,
        0.0,
        0.0,
        0.0
    ]
}