{
    "train_loss": [
        0.010978375561535358,
        0.006595877930521965,
        0.006567575037479401,
        0.006587299983948469,
        0.006584967486560345,
        0.006589170079678297,
        0.006592418532818556,
        0.006592425983399153,
        0.006592412479221821,
        0.006592420861124992,
        0.0065924022346735
    ],
    "val_loss": [
        0.01146058551967144,
        0.006654857657849789,
        0.006654898636043072,
        0.006654900964349508,
        0.0066548967733979225,
        0.006654891651123762,
        0.0066548967733979225,
        0.006654889788478613,
        0.006654896307736635,
        0.0066548967733979225,
        0.006654899101704359
    ],
    "val_acc": [
        0.7182343602180481,
        0.852812647819519,
        0.852812647819519,
        0.8528129458427429,
        0.8528127670288086,
        0.8528124690055847,
        0.8528129458427429,
        0.8528125882148743,
        0.8528122901916504,
        0.852812647819519,
        0.852812647819519
    ]
}