{"train_loss": [2260316386.1256733, 1858658697.4219031, 1768948326.032316, 1885167974.491921, 1708922832.2010772, 1651501640.6175942, 1646560833.2639139, 1558508957.6445243, 1486386551.956912, 1517070043.6912029, 1309377900.0071814, 1430649840.373429, 1440560535.210054, 1227814995.648115, 1285920767.08079], "val_loss": [3462242733306274.0, 3223349903068431.5, 2052876650323132.0, 1995985907956088.2, 2335368800194142.0, 2301428774357284.5, 2168988768382056.5, 1976049261421714.2, 2022780083345282.5, 2172772152481666.5, 1951882663754438.5, 1726842669832735.2, 1565160389979240.5, 1891411540231815.8, 1471790594884252.8]}