{"train_loss": [0.0024879062548279762, 0.0023556482046842575, 0.0020190023351460695, 0.0019368607318028808, 0.0019190096063539386, 0.0019096201285719872, 0.0019037785241380334, 0.0019000419415533543, 0.0018982603214681149, 0.0018968499498441815, 0.0018959894077852368], "val_loss": [0.002600942039862275, 0.002216086955741048, 0.0019716646056622267, 0.0019421451725065708, 0.0019292761571705341, 0.0019210773753002286, 0.0019169439328834414, 0.0019150400767102838, 0.0019138966454192996, 0.0019131703302264214, 0.0019122958183288574]}