{
    "train_loss": [
        0.006614494603127241,
        0.00661417655646801,
        0.006614168640226126,
        0.006614174228161573,
        0.0066141728311777115,
        0.0066141653805971146,
        0.006614172365516424,
        0.006614168640226126,
        0.006614163983613253,
        0.006614163052290678,
        0.006614164914935827,
        0.006614163983613253,
        0.006614164914935827,
        0.006614166311919689
    ],
    "val_loss": [
        0.006693156436085701,
        0.006692756433039904,
        0.006692748516798019,
        0.006692750845104456,
        0.006692748516798019,
        0.006692750845104456,
        0.006692748516798019,
        0.0066927471198141575,
        0.006692752242088318,
        0.006692752242088318,
        0.006692750845104456,
        0.006692749913781881,
        0.006692752242088318,
        0.0066927517764270306
    ],
    "val_acc": [
        0.8516013026237488,
        0.8516010046005249,
        0.8516010642051697,
        0.8516014814376831,
        0.8516010642051697,
        0.8516011834144592,
        0.8516016006469727,
        0.8516014814376831,
        0.8516011834144592,
        0.8516013622283936,
        0.8516013026237488,
        0.8516014814376831,
        0.8516011834144592,
        0.8516013026237488
    ],
    "val_prec": [
        0.0,
        0.0,
        0.0,
        0.0,
        0.0,
        0.0,
        0.0,
        0.0,
        0.0,
        0.0,
        0.0,
        0.0,
        0.0,
        0.0
    ],
    "val_rec": [
        0.0,
        0.0,
        0.0,
        0.0,
        0.0,
        0.0,
        0.0,
        0.0,
        0.0,
        0.0,
        0.0,
        0.0,
        0.0,
        0.0
    ]
}