{
    "train_loss": [
        0.03376225754618645,
        0.03357937932014465
    ],
    "val_loss": [
        0.029255716130137444,
        0.029384097084403038
    ],
    "val_acc": [
        0.958060085773468,
        0.9564670920372009
    ],
    "val_prec": [
        5.120925561641343e-05,
        7.553128671133891e-05
    ],
    "val_rec": [
        0.0016417365986853838,
        0.0032834731973707676
    ],
    "val_denorm_mse": [
        858476.625,
        862243.875
    ]
}