{
    "train_loss": [
        0.011753354221582413,
        0.006953900214284658,
        0.006815428379923105,
        0.006813517771661282,
        0.006814019288867712,
        0.006813812535256147,
        0.00681373942643404,
        0.006813756190240383,
        0.006813734769821167,
        0.006813746877014637,
        0.006813735701143742,
        0.006813736632466316,
        0.0068137431517243385,
        0.006813748273998499,
        0.006813753396272659,
        0.006813748273998499,
        0.006813738029450178,
        0.006813736632466316,
        0.006813734769821167,
        0.006813729647547007,
        0.006813732907176018
    ],
    "val_loss": [
        0.01221763901412487,
        0.007197884377092123,
        0.007300586439669132,
        0.007315183058381081,
        0.007316213566809893,
        0.007316303439438343,
        0.007316313683986664,
        0.007316308096051216,
        0.007316313683986664,
        0.007316309027373791,
        0.007316315080970526,
        0.007316314149647951,
        0.007316310424357653,
        0.007316309493035078,
        0.007316310424357653,
        0.007316311821341515,
        0.007316309493035078,
        0.007316310424357653,
        0.007316311355680227,
        0.007316311355680227,
        0.007316309493035078
    ],
    "val_acc": [
        0.497121661901474,
        0.8398621678352356,
        0.8431302905082703,
        0.8433298468589783,
        0.8433408141136169,
        0.8433420658111572,
        0.8433423042297363,
        0.8433417081832886,
        0.8433418869972229,
        0.8433421850204468,
        0.8433420062065125,
        0.8433420062065125,
        0.8433420658111572,
        0.8433421850204468,
        0.8433418869972229,
        0.8433420062065125,
        0.8433420658111572,
        0.8433417081832886,
        0.8433420062065125,
        0.8433420658111572,
        0.8433418869972229
    ],
    "val_prec": [
        0.0,
        0.0,
        0.0,
        0.0,
        0.0,
        0.0,
        0.0,
        0.0,
        0.0,
        0.0,
        0.0,
        0.0,
        0.0,
        0.0,
        0.0,
        0.0,
        0.0,
        0.0,
        0.0,
        0.0,
        0.0
    ],
    "val_rec": [
        0.0,
        0.0,
        0.0,
        0.0,
        0.0,
        0.0,
        0.0,
        0.0,
        0.0,
        0.0,
        0.0,
        0.0,
        0.0,
        0.0,
        0.0,
        0.0,
        0.0,
        0.0,
        0.0,
        0.0,
        0.0
    ]
}