{"train_loss": [0.03580179065465927, 0.02183234691619873, 0.009126178920269012, 0.00639173062518239, 0.005810509901493788, 0.005722163710743189, 0.005712263286113739, 0.005713120102882385, 0.00571424001827836, 0.005714557599276304, 0.00571464654058218, 0.005714660044759512, 0.005714662838727236, 0.005714660510420799, 0.005714660510420799, 0.005714660044759512, 0.005714656785130501, 0.005714661441743374, 0.005714657716453075, 0.005714661907404661, 0.005714658182114363], "val_loss": [0.04721309617161751, 0.0160845797508955, 0.00968281552195549, 0.00820376630872488, 0.007909496314823627, 0.00786555651575327, 0.007864879444241524, 0.007867353036999702, 0.007868316024541855, 0.007868602871894836, 0.00786865595728159, 0.007868662476539612, 0.007868662476539612, 0.007868663407862186, 0.007868664339184761, 0.007868663407862186, 0.007868664339184761, 0.007868662476539612, 0.007868663407862186, 0.007868663407862186, 0.007868663407862186]}