{"train_loss": [0.03391939774155617, 0.018957775086164474, 0.007783045992255211, 0.005923822987824678, 0.005596817471086979, 0.0055762059055268764, 0.005601563025265932, 0.005632414948195219, 0.0056681246496737, 0.00568626681342721, 0.005698982626199722, 0.005707960110157728, 0.005712386220693588, 0.005713829305022955, 0.005714381579309702, 0.005714616272598505, 0.0057146488688886166, 0.005714659579098225, 0.005714661907404661, 0.005714660510420799, 0.005714660510420799], "val_loss": [0.05078382417559624, 0.012444100342690945, 0.008351977914571762, 0.007625688333064318, 0.00757882883772254, 0.007634954992681742, 0.007703505922108889, 0.007760449778288603, 0.0078018466010689735, 0.00783318281173706, 0.007852509617805481, 0.007861989550292492, 0.007866187021136284, 0.007867936044931412, 0.007868490181863308, 0.007868623360991478, 0.007868658751249313, 0.007868662476539612, 0.007868663407862186, 0.007868664339184761, 0.007868664339184761]}