{
    "train_loss": [
        0.007144690491259098
    ],
    "val_loss": [
        0.006469409912824631
    ],
    "val_acc": [
        0.8824384808540344
    ],
    "val_prec": [
        0.8323236107826233
    ],
    "val_rec": [
        0.7213348150253296
    ],
    "val_denorm_mse": [
        5766.85986328125
    ]
}