{
    "train_loss": [
        0.035159774124622345,
        0.01080482080578804,
        0.007116850931197405
    ],
    "val_loss": [
        0.038665760308504105,
        0.006887179799377918,
        0.007271895185112953
    ],
    "val_acc": [
        0.8963319659233093,
        0.9702743291854858,
        0.970274031162262
    ],
    "val_prec": [
        0.0,
        0.0,
        0.0
    ],
    "val_rec": [
        0.0,
        0.0,
        0.0
    ]
}