{
    "train_loss": [
        0.008652949705719948,
        0.006902698427438736,
        0.006414580624550581,
        0.006430137902498245
    ],
    "val_loss": [
        0.008866539224982262,
        0.006382457446306944,
        0.006497752852737904,
        0.0064788018353283405
    ],
    "val_acc": [
        0.8605411648750305,
        0.8814542293548584,
        0.8823109865188599,
        0.8822635412216187
    ],
    "val_prec": [
        0.8123874068260193,
        0.8312325477600098,
        0.783902108669281,
        0.7870394587516785
    ],
    "val_rec": [
        0.8538947701454163,
        0.7467178106307983,
        0.711368978023529,
        0.7149280905723572
    ],
    "val_denorm_mse": [
        7903.67529296875,
        5689.35205078125,
        5792.126953125,
        5775.23193359375
    ]
}