{
    "train_loss": [
        0.02631598524749279,
        0.010237745940685272,
        0.007044672966003418,
        0.0070871757343411446,
        0.007087273057550192,
        0.007087280508130789
    ],
    "val_loss": [
        0.029428422451019287,
        0.00751435337588191,
        0.007701544091105461,
        0.007702902890741825,
        0.0077029019594192505,
        0.0077029005624353886
    ],
    "val_acc": [
        0.6528303623199463,
        0.8437721729278564,
        0.8437730669975281,
        0.8437730669975281,
        0.8437730073928833,
        0.8437731862068176
    ],
    "val_prec": [
        0.0,
        0.0,
        0.0,
        0.0,
        0.0,
        0.0
    ],
    "val_rec": [
        0.0,
        0.0,
        0.0,
        0.0,
        0.0,
        0.0
    ]
}