{
    "train_loss": [
        0.007192947901785374
    ],
    "val_loss": [
        0.006587301380932331
    ],
    "val_acc": [
        0.8805100321769714
    ],
    "val_prec": [
        0.824023962020874
    ],
    "val_rec": [
        0.7118576169013977
    ],
    "val_denorm_mse": [
        5871.953125
    ]
}