{
    "train_loss": [
        0.019223632290959358,
        0.009571424685418606,
        0.006954293232411146
    ],
    "val_loss": [
        0.03842815384268761,
        0.01577751152217388,
        0.010677792131900787,
        0.008868665434420109
    ],
    "val_acc": [
        0.028411537408828735,
        0.028411537408828735,
        0.028411537408828735,
        0.028411537408828735
    ],
    "val_prec": [
        0.0,
        0.0,
        0.0,
        0.0
    ],
    "val_rec": [
        0.0,
        0.0,
        0.0,
        0.0
    ]
}