{
    "train_loss": [
        0.006321025546640158,
        0.00635746493935585,
        0.0063792066648602486,
        0.006377041339874268,
        0.006352262571454048
    ],
    "val_loss": [
        0.006365826353430748,
        0.006368940230458975,
        0.006319062318652868,
        0.006260397844016552,
        0.006498522125184536
    ],
    "val_acc": [
        0.8816772699356079,
        0.8821340799331665,
        0.8825513124465942,
        0.882941722869873,
        0.8823640942573547
    ],
    "val_prec": [
        0.8387560844421387,
        0.8266193866729736,
        0.8385524749755859,
        0.8381452560424805,
        0.7835984826087952
    ],
    "val_rec": [
        0.7441259622573853,
        0.7395350337028503,
        0.7528041005134583,
        0.769810676574707,
        0.7111470103263855
    ],
    "val_denorm_mse": [
        5674.52880859375,
        5677.30322265625,
        5632.84033203125,
        5580.5498046875,
        5792.81396484375
    ]
}