{
    "train_loss": [
        0.07528666406869888,
        0.06598209589719772,
        0.06543487310409546,
        0.06575976312160492,
        0.06563527882099152,
        0.06562872231006622,
        0.06562553346157074,
        0.06562525033950806,
        0.06562472134828568,
        0.06562527269124985,
        0.06562478840351105,
        0.06562483310699463,
        0.06562454253435135,
        0.06562455743551254,
        0.06562433391809464,
        0.06562469154596329,
        0.06562472879886627,
        0.06562457978725433,
        0.06562431156635284,
        0.06562449783086777
    ],
    "val_loss": [
        0.06688886135816574,
        0.06530095636844635,
        0.06593719869852066,
        0.06546759605407715,
        0.06543990224599838,
        0.06543675065040588,
        0.06543626636266708,
        0.06543617695569992,
        0.06543610990047455,
        0.06543608754873276,
        0.06543600559234619,
        0.06543593108654022,
        0.06543589383363724,
        0.06543584913015366,
        0.06543581187725067,
        0.06543571501970291,
        0.06543567776679993,
        0.06543566286563873,
        0.06543563306331635,
        0.06543554365634918
    ]
}