{
    "train_loss": [
        0.00841588620096445,
        0.007252761162817478,
        0.006906141526997089,
        0.006907573435455561,
        0.0069059934467077255,
        0.0069061266258358955,
        0.0069060903042554855,
        0.006906095426529646,
        0.00690610334277153,
        0.006906099617481232,
        0.006906094495207071,
        0.00690610334277153,
        0.006906088907271624,
        0.006906101014465094,
        0.006906093098223209,
        0.006906096823513508,
        0.006906099151819944,
        0.006906105671077967,
        0.006906096823513508,
        0.006906106136739254,
        0.006906095892190933
    ],
    "val_loss": [
        0.009264378808438778,
        0.007469371426850557,
        0.007462207693606615,
        0.007460737135261297,
        0.0074605210684239864,
        0.007460515946149826,
        0.0074605089612305164,
        0.007460512686520815,
        0.007460507098585367,
        0.007460509426891804,
        0.007460508029907942,
        0.007460511289536953,
        0.007460508029907942,
        0.0074605089612305164,
        0.007460507098585367,
        0.007460508029907942,
        0.007460508029907942,
        0.007460509426891804,
        0.007460507098585367,
        0.007460507098585367,
        0.0074605089612305164
    ],
    "val_acc": [
        0.8203121423721313,
        0.8440091609954834,
        0.8439003825187683,
        0.8438884019851685,
        0.8438863754272461,
        0.8438865542411804,
        0.8438864350318909,
        0.8438865542411804,
        0.84388667345047,
        0.8438865542411804,
        0.84388667345047,
        0.8438862562179565,
        0.84388667345047,
        0.8438865542411804,
        0.843886137008667,
        0.8438863754272461,
        0.843886137008667,
        0.8438862562179565,
        0.8438863754272461,
        0.8438865542411804,
        0.8438864350318909
    ],
    "val_prec": [
        0.0,
        0.0,
        0.0,
        0.0,
        0.0,
        0.0,
        0.0,
        0.0,
        0.0,
        0.0,
        0.0,
        0.0,
        0.0,
        0.0,
        0.0,
        0.0,
        0.0,
        0.0,
        0.0,
        0.0,
        0.0
    ],
    "val_rec": [
        0.0,
        0.0,
        0.0,
        0.0,
        0.0,
        0.0,
        0.0,
        0.0,
        0.0,
        0.0,
        0.0,
        0.0,
        0.0,
        0.0,
        0.0,
        0.0,
        0.0,
        0.0,
        0.0,
        0.0,
        0.0
    ]
}