{
    "train_loss": [
        0.052133675664663315,
        0.050786055624485016,
        0.05062608793377876,
        0.05057494714856148,
        0.05059429258108139,
        0.05053872615098953,
        0.050589412450790405,
        0.050542350858449936,
        0.05050139129161835,
        0.05042353644967079,
        0.0505182221531868,
        0.05055176466703415,
        0.05052867904305458,
        0.05051705241203308,
        0.05051721632480621,
        0.050519030541181564,
        0.05051758512854576,
        0.05051801726222038,
        0.050517890602350235,
        0.050517916679382324
    ],
    "val_loss": [
        0.0031448216177523136,
        0.0031476407311856747,
        0.00314068584702909,
        0.0031496044248342514,
        0.0031433054246008396,
        0.0031456011347472668,
        0.0031400290317833424,
        0.003139366628602147,
        0.0031403375323861837,
        0.0031429510563611984,
        0.0031429880764335394,
        0.003142594126984477,
        0.0031425084453076124,
        0.003142502624541521,
        0.0031424870248883963,
        0.0031424888875335455,
        0.0031424835324287415,
        0.003142480505630374,
        0.0031424795743077993,
        0.003142478410154581
    ],
    "val_acc": [
        0.997891902923584,
        0.9978920817375183,
        0.9978917837142944,
        0.9978922009468079,
        0.9978916645050049,
        0.9978916645050049,
        0.9978916645050049,
        0.9978920817375183,
        0.997891902923584,
        0.9978922009468079,
        0.9978916645050049,
        0.9978919625282288,
        0.9978922009468079,
        0.9978916049003601,
        0.997891902923584,
        0.9978916049003601,
        0.9978923797607422,
        0.9978922009468079,
        0.9978922009468079,
        0.997891902923584
    ],
    "val_prec": [
        0.0,
        0.0,
        0.0,
        0.0,
        0.0,
        0.0,
        0.0,
        0.0,
        0.0,
        0.0,
        0.0,
        0.0,
        0.0,
        0.0,
        0.0,
        0.0,
        0.0,
        0.0,
        0.0,
        0.0
    ],
    "val_rec": [
        0.0,
        0.0,
        0.0,
        0.0,
        0.0,
        0.0,
        0.0,
        0.0,
        0.0,
        0.0,
        0.0,
        0.0,
        0.0,
        0.0,
        0.0,
        0.0,
        0.0,
        0.0,
        0.0,
        0.0
    ],
    "val_denorm_mse": [
        193.41905212402344,
        193.59243774414062,
        193.16470336914062,
        193.71319580078125,
        193.32586669921875,
        193.46701049804688,
        193.12435913085938,
        193.0836639404297,
        193.1433868408203,
        193.30401611328125,
        193.3062286376953,
        193.2821044921875,
        193.27688598632812,
        193.27650451660156,
        193.27552795410156,
        193.2756805419922,
        193.27525329589844,
        193.2752685546875,
        193.27517700195312,
        193.2750244140625
    ]
}