{
    "train_loss": [
        0.016348998993635178,
        0.007176846731454134,
        0.006817263085395098,
        0.006831660401076078,
        0.00682166637852788,
        0.006820706184953451,
        0.006820665672421455,
        0.00682066148146987,
        0.0068206628784537315,
        0.006820652633905411,
        0.006820668000727892,
        0.00682066148146987,
        0.006820643320679665,
        0.006820668000727892,
        0.006820665672421455,
        0.006820652633905411,
        0.0068206521682441235,
        0.006820651236921549,
        0.006820643786340952,
        0.006820654030889273,
        0.00682066148146987
    ],
    "val_loss": [
        0.016695592552423477,
        0.007322209421545267,
        0.007346023339778185,
        0.007322478108108044,
        0.007321580313146114,
        0.007321496959775686,
        0.007321483921259642,
        0.007321481592953205,
        0.007321486249566078,
        0.007321484852582216,
        0.007321483921259642,
        0.007321484852582216,
        0.007321484852582216,
        0.007321483921259642,
        0.00732148252427578,
        0.007321481592953205,
        0.007321484852582216,
        0.007321483921259642,
        0.007321485318243504,
        0.007321483921259642,
        0.007321482989937067
    ],
    "val_acc": [
        0.47923600673675537,
        0.8436321020126343,
        0.8437764644622803,
        0.843637228012085,
        0.8436300158500671,
        0.8436289429664612,
        0.8436295390129089,
        0.8436288237571716,
        0.8436293601989746,
        0.8436290621757507,
        0.8436289429664612,
        0.8436291217803955,
        0.8436289429664612,
        0.8436290621757507,
        0.8436288237571716,
        0.8436292409896851,
        0.8436291217803955,
        0.8436287641525269,
        0.8436291217803955,
        0.8436290621757507,
        0.8436291217803955
    ],
    "val_prec": [
        0.0,
        0.0,
        0.0,
        0.0,
        0.0,
        0.0,
        0.0,
        0.0,
        0.0,
        0.0,
        0.0,
        0.0,
        0.0,
        0.0,
        0.0,
        0.0,
        0.0,
        0.0,
        0.0,
        0.0,
        0.0
    ],
    "val_rec": [
        0.0,
        0.0,
        0.0,
        0.0,
        0.0,
        0.0,
        0.0,
        0.0,
        0.0,
        0.0,
        0.0,
        0.0,
        0.0,
        0.0,
        0.0,
        0.0,
        0.0,
        0.0,
        0.0,
        0.0,
        0.0
    ]
}