{
    "train_loss": [
        0.022923128679394722,
        0.023407936096191406,
        0.02346826158463955,
        0.02318120002746582,
        0.02328403852880001,
        0.02310233935713768,
        0.023231128230690956,
        0.022901995107531548,
        0.02311575971543789,
        0.02305511012673378,
        0.02288569137454033,
        0.02306879311800003,
        0.02292223460972309,
        0.0229947529733181,
        0.022991836071014404,
        0.0229022316634655,
        0.023018816486001015,
        0.02296563610434532,
        0.022984687238931656,
        0.02296474017202854,
        0.02294149622321129,
        0.02283286117017269,
        0.023090923205018044,
        0.02288353443145752,
        0.02289683185517788,
        0.022999731823801994,
        0.02267882600426674,
        0.022952120751142502,
        0.022854885086417198,
        0.02301286719739437
    ],
    "val_loss": [
        0.022294864058494568,
        0.025054531171917915,
        0.018888970836997032,
        0.01968638226389885,
        0.017891576513648033,
        0.023980436846613884,
        0.025792481377720833,
        0.021823357790708542,
        0.0247648973017931,
        0.021941285580396652,
        0.017725028097629547,
        0.024950185790657997,
        0.02125592529773712,
        0.020697327330708504,
        0.02013207972049713,
        0.01889907754957676,
        0.02188117802143097,
        0.020696796476840973,
        0.0228180680423975,
        0.01854693330824375,
        0.02421622723340988,
        0.01924906112253666,
        0.027778010815382004,
        0.01911517046391964,
        0.020001931115984917,
        0.02533300593495369,
        0.02098740264773369,
        0.019928276538848877,
        0.0215089563280344,
        0.025110261514782906
    ],
    "val_acc": [
        0.9575842618942261,
        0.9588557481765747,
        0.9590517282485962,
        0.9602741003036499,
        0.9610569477081299,
        0.9590553641319275,
        0.9575051069259644,
        0.9591720700263977,
        0.9577198624610901,
        0.9584088921546936,
        0.9610547423362732,
        0.9564664363861084,
        0.9593066573143005,
        0.9564038515090942,
        0.9592581987380981,
        0.9590185880661011,
        0.9575240015983582,
        0.9585708975791931,
        0.9569097757339478,
        0.9606418013572693,
        0.9565563201904297,
        0.9590586423873901,
        0.9555028080940247,
        0.9588850736618042,
        0.9596301317214966,
        0.9566892385482788,
        0.9587534070014954,
        0.960010826587677,
        0.9591178894042969,
        0.9565828442573547
    ],
    "val_prec": [
        0.022124536335468292,
        0.3196284770965576,
        0.6401392817497253,
        0.6651554107666016,
        0.6343441009521484,
        4.7377277951454744e-05,
        0.00030223806970752776,
        0.0006394808297045529,
        0.6436159014701843,
        0.6328427791595459,
        0.580723762512207,
        0.4595116674900055,
        0.5740157961845398,
        0.4498762786388397,
        0.5007504820823669,
        0.358534038066864,
        0.4076148271560669,
        0.40867817401885986,
        0.5049059987068176,
        0.6690493226051331,
        0.37635567784309387,
        0.4558202624320984,
        0.5478005409240723,
        0.473716676235199,
        0.6582701206207275,
        0.6377099752426147,
        0.578732430934906,
        0.6356214284896851,
        0.6228999495506287,
        0.11515745520591736
    ],
    "val_rec": [
        0.003595646470785141,
        0.0020988951437175274,
        0.08120943605899811,
        0.040847476571798325,
        0.05095836520195007,
        0.0006062494940124452,
        0.002404161263257265,
        0.0012730584712699056,
        0.05249989405274391,
        0.05175772309303284,
        0.09547878801822662,
        0.006711399648338556,
        0.009698903188109398,
        0.016448773443698883,
        0.003219058969989419,
        0.003599451156333089,
        0.006450485438108444,
        0.006263140123337507,
        0.006642927881330252,
        0.03487825766205788,
        0.005123650189489126,
        0.0052052331157028675,
        0.012291875667870045,
        0.0051798573695123196,
        0.026578208431601524,
        0.0277261883020401,
        0.008849862031638622,
        0.0253683440387249,
        0.067059226334095,
        0.004192473832517862
    ],
    "val_denorm_mse": [
        654217.875,
        735197.375,
        554275.9375,
        577675.1875,
        525008.3125,
        703679.625,
        756851.5625,
        640382.3125,
        726698.125,
        643842.5625,
        520121.15625,
        732135.6875,
        623731.25,
        607339.9375,
        590753.625,
        554572.6875,
        642078.875,
        607324.875,
        669570.6875,
        544239.125,
        710598.625,
        564842.8125,
        815114.625,
        560913.75,
        586934.5625,
        743369.0625,
        615852.25,
        584773.1875,
        631156.25,
        736832.5625
    ]
}