{
    "train_loss": [
        0.004346312023699284,
        0.0030289997812360525,
        0.0030158485751599073,
        0.003031980711966753,
        0.003121374174952507,
        0.0031486693769693375,
        0.0031980520579963923
    ],
    "val_loss": [
        0.00789381843060255,
        0.002494835527613759,
        0.0021391792688518763,
        0.002402913523837924,
        0.0029733339324593544,
        0.0028035494033247232,
        0.002153000794351101
    ],
    "val_acc": [
        0.9818481206893921,
        0.9940100908279419,
        0.9939847588539124,
        0.9940056204795837,
        0.9939863085746765,
        0.9940009713172913,
        0.9939829111099243
    ],
    "val_prec": [
        0.1398148089647293,
        0.6312468647956848,
        0.4941737949848175,
        0.7208821773529053,
        NaN,
        0.5841121673583984,
        0.4958705008029938
    ],
    "val_rec": [
        0.39175018668174744,
        0.00952786672860384,
        0.011159282177686691,
        0.005242582410573959,
        0.0,
        0.008457798510789871,
        0.033703386783599854
    ],
    "val_denorm_mse": [
        2699907.5,
        853303.75,
        731659.1875,
        821863.6875,
        1016963.6875,
        958892.75,
        736386.75
    ]
}