{
    "train_loss": [
        0.02560865506529808,
        0.02596678026020527,
        0.025888796895742416,
        0.026079706847667694,
        0.025549037382006645,
        0.025620564818382263,
        0.025467196479439735,
        0.025505276396870613,
        0.02545284666121006,
        0.025566069409251213
    ],
    "val_loss": [
        0.01793384738266468,
        0.01624138280749321,
        0.01610627770423889,
        0.015543968416750431,
        0.014866710640490055,
        0.02316681295633316,
        0.01839795708656311,
        0.01772249862551689,
        0.017996201291680336,
        0.017511649057269096
    ],
    "val_acc": [
        0.8012689352035522,
        0.8028496503829956,
        0.8148175477981567,
        0.8135262131690979,
        0.8212229013442993,
        0.7441094517707825,
        0.8008943796157837,
        0.8421228528022766,
        0.7930386662483215,
        0.8033168911933899
    ],
    "val_prec": [
        0.2631809115409851,
        0.41305452585220337,
        0.19599099457263947,
        0.15219925343990326,
        0.18116505444049835,
        0.3473484516143799,
        0.14423638582229614,
        0.36957788467407227,
        0.11736100912094116,
        0.34492287039756775
    ],
    "val_rec": [
        0.45327049493789673,
        0.4524737298488617,
        0.4114595055580139,
        0.4527853727340698,
        0.45088911056518555,
        0.3767191469669342,
        0.279675155878067,
        0.2418927550315857,
        0.3275654911994934,
        0.39157944917678833
    ],
    "val_denorm_mse": [
        1157.0205078125,
        1047.827880859375,
        1039.112060546875,
        1002.8339233398438,
        959.1409912109375,
        1494.630859375,
        1186.9632568359375,
        1143.384521484375,
        1161.0419921875,
        1129.7823486328125
    ]
}