{
    "train_loss": [
        0.024929681792855263
    ],
    "val_loss": [
        0.0011547858593985438
    ],
    "val_acc": [
        0.9459404349327087
    ],
    "val_prec": [
        0.381355881690979
    ],
    "val_rec": [
        0.34762799739837646
    ],
    "val_denorm_mse": [
        74.50214385986328
    ]
}