{
    "train_loss": [
        0.0015065032057464123,
        7.852464477764443e-06,
        5.435445018520113e-07,
        5.499484245774511e-07,
        5.677217700394976e-07,
        5.73820784666168e-07
    ],
    "val_loss": [
        0.4561711549758911,
        4.99857605973375e-07,
        5.651265837514075e-07,
        5.605560886579042e-07,
        5.105191007714893e-07,
        5.233872570897802e-07
    ],
    "val_acc": [
        0.7463306188583374,
        0.9973471164703369,
        0.9973471164703369,
        0.9973470568656921,
        0.9973471164703369,
        0.9973471164703369
    ],
    "val_prec": [
        0.002842865651473403,
        0.0,
        0.0,
        0.0,
        0.0,
        0.0
    ],
    "val_rec": [
        0.29723823070526123,
        0.0,
        0.0,
        0.0,
        0.0,
        0.0
    ],
    "val_denorm_mse": [
        156023328.0,
        170.96531677246094,
        193.2891387939453,
        191.72589111328125,
        174.6118621826172,
        179.01312255859375
    ]
}