{
    "train_loss": [
        0.022354139015078545,
        0.022257326170802116,
        0.022046703845262527,
        0.022112643346190453,
        0.021862901747226715,
        0.021876700222492218,
        0.021844225004315376,
        0.0216128658503294,
        0.021631887182593346,
        0.021776022389531136,
        0.021696368232369423,
        0.021857358515262604,
        0.021560361608862877,
        0.021518759429454803,
        0.021737786009907722,
        0.02164880372583866,
        0.021536989137530327,
        0.021732468158006668,
        0.021646302193403244,
        0.02179751917719841,
        0.021663935855031013,
        0.02160528674721718,
        0.02160785347223282,
        0.02159113995730877,
        0.021670468151569366,
        0.021630628034472466,
        0.02150900289416313,
        0.021695472300052643,
        0.021700052544474602,
        0.0215133149176836
    ],
    "val_loss": [
        0.017128324136137962,
        0.018355483189225197,
        0.016789305955171585,
        0.01679406873881817,
        0.01626412756741047,
        0.01698329858481884,
        0.05901660397648811,
        0.01976599730551243,
        0.01742396503686905,
        0.019224446266889572,
        0.019051656126976013,
        0.03279316797852516,
        0.018001439049839973,
        0.016826258972287178,
        0.019094277173280716,
        0.0214522797614336,
        0.018207911401987076,
        0.02478596568107605,
        0.021548187360167503,
        0.01909112185239792,
        0.023367078974843025,
        0.017729785293340683,
        0.016277451068162918,
        0.04996820166707039,
        0.02218136005103588,
        0.0180986188352108,
        0.01692349463701248,
        0.022661950439214706,
        0.018902085721492767,
        0.01814943552017212
    ],
    "val_acc": [
        0.960218608379364,
        0.9617430567741394,
        0.9618974328041077,
        0.9623584151268005,
        0.9624938368797302,
        0.9610350131988525,
        0.953058660030365,
        0.9613369107246399,
        0.9600605368614197,
        0.9608720541000366,
        0.9626172780990601,
        0.9563825726509094,
        0.9613016843795776,
        0.9618080854415894,
        0.960798442363739,
        0.9589763879776001,
        0.9596573710441589,
        0.9577970504760742,
        0.9594706296920776,
        0.9597686529159546,
        0.960910975933075,
        0.9577378630638123,
        0.9626293182373047,
        0.9569899439811707,
        0.960293710231781,
        0.9621293544769287,
        0.961719274520874,
        0.9601458311080933,
        0.9618349671363831,
        0.9595946073532104
    ],
    "val_prec": [
        0.8100625276565552,
        0.5486395359039307,
        0.7464650869369507,
        0.686540424823761,
        0.6322226524353027,
        0.7637522220611572,
        0.3748828172683716,
        0.7194722294807434,
        0.8204227685928345,
        0.4966951906681061,
        0.6103813648223877,
        0.4188883900642395,
        0.7037715911865234,
        0.6987191438674927,
        0.7522512674331665,
        0.7331801056861877,
        0.7590934038162231,
        0.5794296264648438,
        0.7655670046806335,
        0.7692220211029053,
        0.5964266061782837,
        0.025268029421567917,
        0.5908283591270447,
        0.43112656474113464,
        0.7303298711776733,
        0.6823347806930542,
        0.6653708219528198,
        0.4809316396713257,
        0.5134345293045044,
        0.7723502516746521
    ],
    "val_rec": [
        0.044700127094984055,
        0.21004702150821686,
        0.08678121119737625,
        0.11407441645860672,
        0.14794281125068665,
        0.07184608280658722,
        0.3466273844242096,
        0.07285226881504059,
        0.04138566181063652,
        0.2274002730846405,
        0.15611843764781952,
        0.31247588992118835,
        0.08095607906579971,
        0.10347452759742737,
        0.0551716610789299,
        0.0209741722792387,
        0.04941694810986519,
        0.000892065407242626,
        0.027910741046071053,
        0.03711141645908356,
        0.17420941591262817,
        0.0017492991173639894,
        0.16842661798000336,
        0.2961258292198181,
        0.0718577653169632,
        0.12087050825357437,
        0.11139945685863495,
        0.226804718375206,
        0.23757535219192505,
        0.03361678868532181
    ],
    "val_denorm_mse": [
        502611.53125,
        538621.125,
        492663.46875,
        492803.3125,
        477252.65625,
        498356.0625,
        1731776.0,
        580011.125,
        511287.1875,
        564120.3125,
        559049.625,
        962278.8125,
        528232.5,
        493747.59375,
        560300.4375,
        629493.375,
        534290.5625,
        727316.5,
        632307.625,
        560207.6875,
        685680.75,
        520260.75,
        477643.46875,
        1466260.5,
        650887.375,
        531084.0,
        496601.09375,
        664989.75,
        554660.6875,
        532575.0
    ]
}