{
    "train_loss": [
        0.046298958361148834
    ],
    "val_loss": [
        0.053793225437402725
    ],
    "val_acc": [
        0.8950607776641846
    ],
    "val_prec": [
        0.0005467563169077039
    ],
    "val_rec": [
        0.0012895409017801285
    ],
    "val_denorm_mse": [
        1578502.0
    ]
}