{
    "train_loss": [
        0.005609592888504267
    ],
    "val_loss": [
        0.004442548379302025
    ],
    "val_acc": [
        0.9115173816680908
    ],
    "val_prec": [
        0.8722368478775024
    ],
    "val_rec": [
        0.9586198925971985
    ],
    "val_denorm_mse": [
        3960.106689453125
    ]
}