{
    "train_loss": [
        0.005609592888504267,
        0.005672497674822807,
        0.0055836038663983345
    ],
    "val_loss": [
        0.004442548379302025,
        0.00508336303755641,
        0.004769008606672287
    ],
    "val_acc": [
        0.9115173816680908,
        0.897105872631073,
        0.9308440089225769
    ],
    "val_prec": [
        0.8722368478775024,
        0.8760887384414673,
        0.9167547821998596
    ],
    "val_rec": [
        0.9586198925971985,
        0.9381000399589539,
        0.8965218663215637
    ],
    "val_denorm_mse": [
        3960.106689453125,
        4531.333984375,
        4251.115234375
    ]
}