{"train_loss": [1.0, 0.08553293347358704, 0.06628072261810303, 0.06501345336437225, 0.06461376696825027, 0.06444840878248215, 0.06437244266271591, 0.06433697789907455, 0.06431792676448822, 0.06430897861719131, 0.06430449336767197, 0.06430184096097946, 0.06430090963840485, 0.0643005296587944, 0.06430032849311829, 0.06430022418498993], "val_loss": [0.2336622029542923, 0.06772652268409729, 0.06523864716291428, 0.06459954380989075, 0.06434176117181778, 0.06423266977071762, 0.06417833268642426, 0.0641520768404007, 0.06413712352514267, 0.06412982195615768, 0.06412630528211594, 0.06412453949451447, 0.06412424892187119, 0.06412326544523239, 0.06412308663129807, 0.06412297487258911]}