{"train_loss": [0.07603031396865845, 0.01837879978120327, 0.014854976907372475, 0.014763901941478252, 0.014762628823518753, 0.014726927503943443, 0.014717078767716885, 0.01469517033547163, 0.014667629264295101, 0.0146257309243083, 0.014613373205065727], "val_loss": [0.0779469758272171, 0.01603967696428299, 0.015614188276231289, 0.015741892158985138, 0.01558775920420885, 0.015598573721945286, 0.015588214620947838, 0.015546998009085655, 0.015504512935876846, 0.015491782687604427, 0.01552074309438467]}