{
    "train_loss": [
        0.051725320518016815,
        0.0497107096016407
    ],
    "val_loss": [
        0.02907853201031685,
        0.028103003278374672
    ],
    "val_acc": [
        0.9174085855484009,
        0.917411744594574
    ],
    "val_prec": [
        0.0,
        0.005851258058100939
    ],
    "val_rec": [
        0.0,
        3.121530608041212e-05
    ],
    "val_denorm_mse": [
        1876.0306396484375,
        1813.09326171875
    ]
}