{"train_loss": [0.01930971071124077, 0.00884691160172224, 0.00720168324187398, 0.007218013983219862, 0.007218038197606802, 0.00721804890781641, 0.007218045182526112], "val_loss": [0.020703621208667755, 0.007190891541540623, 0.007280006539076567, 0.007280365563929081, 0.007280365563929081, 0.007280363235622644, 0.007280364166945219], "val_acc": [0.016011874587590295, 0.016578197960999064, 0.0059553012628221925, 0.006332191656902357, 0.006008356309799407, 0.006128857270181239], "val_prec": [0.009639472522068853, 0.010582762598919132, 0.005955301648223008, 0.006332191656902357, 0.006008356695200222, 0.006128857270181239], "val_rec": [0.01289965509525283, 0.014716377497249286, 0.023843200646595272, 0.023843200646595272, 0.023843200646595272, 0.023843200646595272]}