{"train_loss": [0.029024699702858925, 0.010623063892126083, 0.0071805487386882305, 0.00721789849922061, 0.007218042854219675, 0.007218045648187399, 0.007218050304800272], "val_loss": [0.031270891427993774, 0.0071095614694058895, 0.007278846111148596, 0.00728036230430007, 0.007280364166945219, 0.007280365563929081, 0.007280360907316208], "val_acc": [0.014584781618208855, 0.0166161476084381, 0.006457473514392704, 0.006588974199431861, 0.006319394422844459, 0.006035592199985753], "val_prec": [0.009142110458068786, 0.010473620171353271, 0.006457473514392704, 0.006588974199431861, 0.006319394422844459, 0.006035591429184123], "val_rec": [0.013960561792786421, 0.013813014944819976, 0.023843200646595272, 0.023843200646595272, 0.023843200646595272, 0.023843200646595272], "val_denorm_mse": []}