{
    "train_loss": [
        1.5509427785873413,
        1.5769356489181519
    ],
    "val_loss": [
        1.3114742040634155,
        1.5313812494277954
    ],
    "val_acc": [
        0.8016987442970276,
        0.801698625087738
    ],
    "val_prec": [
        0.8016987442970276,
        0.801698625087738
    ],
    "val_rec": [
        1.0,
        1.0
    ],
    "val_denorm_mse": [
        1169054.125,
        1365079.75
    ]
}