{
    "train_loss": [
        0.019977230578660965,
        0.02038925513625145
    ],
    "val_loss": [
        0.02071027271449566,
        0.02032013051211834
    ],
    "val_acc": [
        0.8016986846923828,
        0.8016988039016724
    ],
    "val_prec": [
        0.8016986846923828,
        0.8016988039016724
    ],
    "val_rec": [
        1.0,
        1.0
    ],
    "val_denorm_mse": [
        18461.23046875,
        18113.458984375
    ]
}