{"train_loss": [0.029218336567282677, 0.006671075709164143, 0.006640424951910973], "val_loss": [0.029640765860676765, 0.005060519091784954, 0.005666062235832214]}