{
    "train_loss": [
        0.011300633661448956,
        0.006613941863179207,
        0.006630479823797941,
        0.006606458220630884,
        0.0066286721266806126,
        0.00663111824542284,
        0.00668095238506794,
        0.006611199118196964,
        0.006587499752640724,
        0.006596598774194717,
        0.006609204690903425,
        0.006608449388295412,
        0.006601500324904919,
        0.00659932428970933,
        0.006592100951820612,
        0.006607274059206247,
        0.00661335326731205,
        0.00659689586609602,
        0.006606718059629202,
        0.006608102936297655,
        0.006603982765227556
    ],
    "val_loss": [
        0.011788725852966309,
        0.006660708226263523,
        0.006661624182015657,
        0.006660729181021452,
        0.006660704966634512,
        0.006660724524408579,
        0.006660704500973225,
        0.006664203945547342,
        0.0066330390982329845,
        0.006665878463536501,
        0.006660708226263523,
        0.006658586673438549,
        0.0066604395397007465,
        0.006660704500973225,
        0.006660708226263523,
        0.006660702638328075,
        0.006660711485892534,
        0.006660704966634512,
        0.006660706829279661,
        0.006660709157586098,
        0.006660708226263523
    ],
    "val_acc": [
        0.9268043041229248,
        0.924858033657074,
        0.9248578548431396,
        0.924858033657074,
        0.924858033657074,
        0.9248577356338501,
        0.9248579740524292,
        0.9248581528663635,
        0.9247827529907227,
        0.9248581528663635,
        0.9248579740524292,
        0.9248579740524292,
        0.924858033657074,
        0.9248581528663635,
        0.9248578548431396,
        0.924858033657074,
        0.924858033657074,
        0.9248579740524292,
        0.924858033657074,
        0.924858033657074,
        0.9248579740524292
    ],
    "val_prec": [
        0.9296818375587463,
        0.8541920781135559,
        0.8541920781135559,
        0.8541920781135559,
        0.8541920781135559,
        0.8541920781135559,
        0.8541920781135559,
        0.8541920781135559,
        0.8564761281013489,
        0.8541920781135559,
        0.8541920781135559,
        0.8547347187995911,
        0.8541920781135559,
        0.8541920781135559,
        0.8541920781135559,
        0.8541920781135559,
        0.8541920781135559,
        0.8541920781135559,
        0.8541920781135559,
        0.8541920781135559,
        0.8541920781135559
    ],
    "val_rec": [
        0.9157127737998962,
        0.8541920781135559,
        0.8541920781135559,
        0.8541920781135559,
        0.8541920781135559,
        0.8541920781135559,
        0.8541920781135559,
        0.8541920781135559,
        0.8555281758308411,
        0.8541920781135559,
        0.8541920781135559,
        0.8541920781135559,
        0.8541920781135559,
        0.8541920781135559,
        0.8541920781135559,
        0.8541920781135559,
        0.8541920781135559,
        0.8541920781135559,
        0.8541920781135559,
        0.8541920781135559,
        0.8541920781135559
    ],
    "val_denorm_mse": [
        10508.5302734375,
        5937.38720703125,
        5938.19873046875,
        5937.40087890625,
        5937.38720703125,
        5937.40234375,
        5937.38671875,
        5940.50146484375,
        5912.7216796875,
        5941.9912109375,
        5937.3857421875,
        5935.4951171875,
        5937.142578125,
        5937.3857421875,
        5937.38427734375,
        5937.3857421875,
        5937.388671875,
        5937.3818359375,
        5937.3828125,
        5937.38525390625,
        5937.3896484375
    ]
}